,zip_code,latitude,longitude
0,60001,42.324761,-88.452481
1,60002,42.451419,-88.075733
2,60004,42.085626,-87.99821999999998
3,60005,42.060928,-87.883073
4,60006,41.811929,-87.68732
5,60007,42.02027800000001,-87.905866
6,60008,42.074226,-88.026871
7,60009,41.811929,-87.68732
8,60010,42.2735,-88.072583
9,60011,42.322814,-87.61005300000002
10,60012,42.23209600000001,-88.30529200000002
11,60013,42.204626,-88.250783
12,60014,42.243772,-88.323986
13,60015,42.178175,-87.86681800000002
14,60016,42.048278,-87.890466
15,60017,42.028779,-87.894366
16,60018,42.015479,-87.868714
17,60019,42.024278,-87.907066
18,60020,42.40247,-88.170234
19,60021,42.213058,-88.25040600000001
20,60022,42.102927,-87.815914
21,60025,42.082715,-87.819714
22,60026,41.811929,-87.68732
23,60029,42.058029,-87.791636
24,60030,42.352423,-88.054502
25,60031,42.375121,-87.939683
26,60033,42.362962,-88.495375
27,60034,42.455151,-88.430802
28,60035,42.187424,-87.811865
29,60037,42.255073,-87.818268
30,60038,42.097976,-88.014072
31,60039,42.324761,-88.452481
32,60040,42.207374,-87.814666
33,60041,42.366521,-88.14568299999998
34,60042,42.27179,-88.188464
35,60043,42.088428,-87.71455999999998
36,60044,42.294172,-87.86766999999998
37,60045,42.24002700000001,-87.877569
38,60046,42.38127100000001,-87.999077
39,60047,42.216543,-88.076942
40,60048,42.28947,-87.957724
41,60049,42.198674,-88.041875
42,60050,42.296671,-88.320886
43,60051,42.324761,-88.452481
44,60053,42.039329,-87.79381500000002
45,60055,42.097976,-88.014072
46,60056,42.06237700000001,-87.931797
47,60060,42.252523,-88.027327
48,60061,42.231183,-87.962973
49,60062,42.120176,-87.838815
50,60064,42.347324,-87.962976
51,60065,41.811929,-87.68732
52,60067,42.10197700000001,-88.05580400000002
53,60068,42.037228000000006,-87.843714
54,60069,42.309143,-87.987213
55,60070,42.105805,-87.93951899999998
56,60071,42.328463,-88.429864
57,60072,42.404829,-88.305439
58,60073,42.279215,-88.050226
59,60074,42.129875,-88.049424
60,60075,42.322814,-87.61005300000002
61,60076,42.057878,-87.883566
62,60077,42.03468,-87.76266
63,60078,41.811929,-87.68732
64,60079,42.322814,-87.61005300000002
65,60080,42.442519,-88.27604699999998
66,60081,42.367273,-88.252639
67,60082,42.116377,-87.812064
68,60083,42.440139,-87.940027
69,60084,42.249873,-88.073127
70,60085,42.327366,-87.982025
71,60086,42.43335,-87.776595
72,60087,42.37292100000001,-87.868471
73,60088,42.309272,-87.85427
74,60089,42.180411,-87.960771
75,60090,42.124176,-87.933819
76,60091,42.079228,-87.72836
77,60092,42.322814,-87.61005300000002
78,60093,42.112176,-87.940168
79,60094,41.811929,-87.68732
80,60095,41.811929,-87.68732
81,60096,42.47832,-87.834222
82,60097,42.355165,-88.33279399999998
83,60098,42.32027100000001,-88.46283199999998
84,60099,42.45577,-87.884975
85,60101,41.887579,-88.02251600000002
86,60102,42.280715,-88.461937
87,60103,42.033376,-88.157756
88,60104,41.811929,-87.68732
89,60105,41.839679,-88.088716
90,60106,41.839679,-88.088716
91,60107,42.019093,-88.178475
92,60108,41.839679,-88.088716
93,60109,42.045792,-88.539027
94,60110,42.125008,-88.29723800000002
95,60111,42.008626,-88.83055
96,60112,41.926177,-88.684007
97,60113,41.931158,-88.956564
98,60115,41.816826,-88.79101
99,60116,41.839679,-88.088716
100,60117,41.839679,-88.088716
101,60118,42.022867,-88.417789
102,60119,41.83492800000001,-88.469931
103,60120,41.990689,-88.429777
104,60121,42.04133,-88.3126
105,60122,42.067101,-88.304994
106,60123,42.036325,-88.371044
107,60125,41.839679,-88.088716
108,60126,41.88353,-87.946413
109,60128,41.839679,-88.088716
110,60129,42.042932,-88.919791
111,60130,41.811929,-87.68732
112,60131,41.93598,-87.884962
113,60132,41.839679,-88.088716
114,60133,,
115,60134,41.97974,-88.406165
116,60135,42.10153,-88.718101
117,60136,42.102524,-88.379932
118,60137,41.872034,-88.02938499999998
119,60138,41.839679,-88.088716
120,60139,41.839679,-88.088716
121,60140,42.027886,-88.454812
122,60141,41.811929,-87.68732
123,60142,42.197379,-88.450815
124,60143,41.839679,-88.088716
125,60144,41.936977,-88.420178
126,60145,42.090787,-88.762765
127,60146,42.087039,-88.871153
128,60147,41.936977,-88.420178
129,60148,41.869829,-88.00386400000002
130,60150,41.931731,-88.88516
131,60151,41.922915,-88.507929
132,60152,42.255176,-88.607897
133,60153,41.811929,-87.68732
134,60154,41.811929,-87.68732
135,60155,41.811929,-87.68732
136,60156,,
137,60157,41.839679,-88.088716
138,60159,41.811929,-87.68732
139,60160,41.91488,-87.858707
140,60161,41.811929,-87.68732
141,60162,41.811929,-87.68732
142,60163,41.811929,-87.68732
143,60164,41.92138,-87.892412
144,60165,41.90743,-87.878011
145,60168,41.811929,-87.68732
146,60170,42.025776,-88.425931
147,60171,41.923168,-87.83931
148,60172,41.839679,-88.088716
149,60173,42.079837,-88.046403
150,60174,41.937151,-88.430167
151,60175,41.943171,-88.386905
152,60176,41.95918,-87.873412
153,60177,42.007476,-88.405895
154,60178,41.893687,-88.68562
155,60179,42.079336,-88.22365500000002
156,60180,42.222569,-88.525091
157,60181,41.875379,-87.97643000000002
158,60182,41.908736,-88.59915
159,60183,41.936977,-88.420178
160,60184,41.839679,-88.088716
161,60185,41.839679,-88.088716
162,60186,41.839679,-88.088716
163,60187,41.839679,-88.088716
164,60188,41.839679,-88.088716
165,60189,41.839679,-88.088716
166,60190,41.839679,-88.088716
167,60191,41.839679,-88.088716
168,60192,42.092487,-88.116129
169,60193,42.016827,-88.11784399999998
170,60194,42.028926,-88.11665500000002
171,60195,42.076376,-88.109263
172,60196,42.056376,-88.07252199999998
173,60197,41.839679,-88.088716
174,60199,41.839679,-88.088716
175,60201,42.049148,-87.702155
176,60202,42.044529,-87.687969
177,60203,42.04792800000001,-87.718159
178,60204,41.811929,-87.68732
179,60208,42.058629,-87.684506
180,60209,42.04973,-87.679408
181,60301,41.811929,-87.68732
182,60302,41.811929,-87.68732
183,60303,41.811929,-87.68732
184,60304,41.811929,-87.68732
185,60305,41.811929,-87.68732
186,60399,,
187,60401,41.356872,-87.626723
188,60402,41.811929,-87.68732
189,60406,41.811929,-87.68732
190,60407,41.238676,-88.278834
191,60408,41.285878,-88.01717099999998
192,60409,41.811929,-87.68732
193,60410,41.43313,-88.199325
194,60411,41.811929,-87.68732
195,60412,41.811929,-87.68732
196,60415,41.811929,-87.68732
197,60416,41.284033,-88.37481899999999
198,60417,41.426684,-87.621223
199,60419,41.811929,-87.68732
200,60420,41.059551,-88.417086
201,60421,41.44288,-88.090588
202,60422,41.811929,-87.68732
203,60423,41.451744,-87.896109
204,60424,41.1775,-88.338018
205,60425,41.811929,-87.68732
206,60426,41.811929,-87.68732
207,60429,41.811929,-87.68732
208,60430,41.811929,-87.68732
209,60431,41.471206,-87.93909000000002
210,60432,41.54273,-88.045146
211,60433,41.47626500000001,-87.882249
212,60434,41.52543,-88.08420799999998
213,60435,41.468729,-87.938034
214,60436,41.48843,-88.15716
215,60437,41.188078,-88.47240699999998
216,60438,41.811929,-87.68732
217,60439,41.707431,-87.97556800000002
218,60440,41.623336,-88.022464
219,60441,41.552615,-88.03126800000003
220,60442,41.491903,-87.979113
221,60443,41.811929,-87.68732
222,60444,41.226425,-88.421748
223,60445,41.811929,-87.68732
224,60446,41.64038,-88.069621
225,60447,41.429869,-88.422884
226,60448,41.426002,-88.00676700000002
227,60449,41.412269,-87.786645
228,60450,41.337433,-88.430183
229,60451,41.51080200000001,-87.96180799999998
230,60452,41.811929,-87.68732
231,60453,41.811929,-87.68732
232,60454,41.811929,-87.68732
233,60455,41.811929,-87.68732
234,60456,41.811929,-87.68732
235,60457,41.811929,-87.68732
236,60458,41.811929,-87.68732
237,60459,41.811929,-87.68732
238,60460,40.998811,-88.538538
239,60461,41.811929,-87.68732
240,60462,41.811929,-87.68732
241,60463,41.811929,-87.68732
242,60464,41.811929,-87.68732
243,60465,41.811929,-87.68732
244,60466,41.811929,-87.68732
245,60467,41.811929,-87.68732
246,60468,41.346316,-87.772133
247,60469,41.811929,-87.68732
248,60470,41.172532,-88.66375500000002
249,60471,41.811929,-87.68732
250,60472,41.95273,-87.878888
251,60473,41.811929,-87.68732
252,60474,41.171883,-88.267338
253,60475,41.811929,-87.68732
254,60476,41.811929,-87.68732
255,60477,42.143475,-88.026517
256,60478,41.811929,-87.68732
257,60479,41.247346,-88.50558199999998
258,60480,41.811929,-87.68732
259,60481,41.35934,-88.084716
260,60482,41.811929,-87.68732
261,60490,41.679041,-88.140332
262,60499,41.811929,-87.68732
263,60501,41.811929,-87.68732
264,60504,41.768399,-88.136616
265,60505,41.765478,-88.405446
266,60506,41.79083,-88.416837
267,60507,41.936977,-88.420178
268,60510,41.828292,-88.40733399999998
269,60511,41.764324,-88.54574000000002
270,60512,41.698414,-88.42787299999998
271,60513,41.811929,-87.68732
272,60514,41.774295,-87.966094
273,60515,41.796279,-88.01226700000002
274,60516,41.75231,-88.02179699999998
275,60517,41.736788,-88.041731
276,60518,41.549922,-88.93598100000001
277,60519,41.777235,-88.246193
278,60520,41.740713,-88.686052
279,60521,41.78213,-87.96684499999998
280,60522,41.839679,-88.088716
281,60523,41.83713,-87.963759
282,60525,41.811929,-87.68732
283,60526,41.811929,-87.68732
284,60527,41.839679,-88.088716
285,60530,41.784398,-88.97506
286,60531,41.47805,-88.7265
287,60532,41.79818,-88.03771400000002
288,60534,41.811929,-87.68732
289,60536,41.590315,-88.562023
290,60537,41.561386,-88.59747
291,60538,41.643752,-88.457951
292,60539,41.823928,-88.334023
293,60540,41.759029,-88.152381
294,60541,41.540661,-88.492909
295,60542,41.807369,-88.33518199999997
296,60543,41.631012,-88.42047600000002
297,60544,41.632457,-88.169698
298,60545,41.628567,-88.513814
299,60546,41.811929,-87.68732
300,60548,41.702091,-88.688906
301,60549,41.48974000000001,-88.752495
302,60550,41.746774,-88.836821
303,60551,41.521219,-88.710974
304,60552,41.860645,-88.783041
305,60553,41.796742,-89.086129
306,60554,41.776787,-88.451655
307,60555,41.805422,-88.17155100000002
308,60556,41.755215,-88.778554
309,60557,41.44088,-88.77032700000002
310,60558,41.811929,-87.68732
311,60559,41.799876,-87.970713
312,60560,41.601679,-88.437533
313,60561,41.743437,-87.98046
314,60563,41.782455,-88.149884
315,60564,41.681479,-88.201424
316,60565,41.737929,-88.112714
317,60566,41.839679,-88.088716
318,60567,41.839679,-88.088716
319,60568,41.935616,-88.43238000000002
320,60570,41.839679,-88.088716
321,60572,41.839679,-88.088716
322,60597,41.839679,-88.088716
323,60598,41.839679,-88.088716
324,60599,41.839679,-88.088716
325,60601,41.811929,-87.68732
326,60602,41.811929,-87.68732
327,60603,42.055179,-87.72596
328,60604,41.811929,-87.68732
329,60605,41.811929,-87.68732
330,60606,41.811929,-87.68732
331,60607,41.928881,-87.81381
332,60608,41.811929,-87.68732
333,60609,41.811929,-87.68732
334,60610,41.811929,-87.68732
335,60611,41.811929,-87.68732
336,60612,41.811929,-87.68732
337,60613,41.811929,-87.68732
338,60614,41.811929,-87.68732
339,60615,41.811929,-87.68732
340,60616,41.811929,-87.68732
341,60617,41.811929,-87.68732
342,60618,41.811929,-87.68732
343,60619,41.811929,-87.68732
344,60620,41.811929,-87.68732
345,60621,41.811929,-87.68732
346,60622,41.811929,-87.68732
347,60623,41.811929,-87.68732
348,60624,41.811929,-87.68732
349,60625,41.811929,-87.68732
350,60626,41.811929,-87.68732
351,60628,41.811929,-87.68732
352,60629,41.811929,-87.68732
353,60630,41.811929,-87.68732
354,60631,42.00583,-87.808611
355,60632,41.811929,-87.68732
356,60633,41.811929,-87.68732
357,60634,41.933355,-87.81630899999998
358,60636,41.811929,-87.68732
359,60637,41.811929,-87.68732
360,60638,41.811929,-87.68732
361,60639,41.811929,-87.68732
362,60640,41.811929,-87.68732
363,60641,41.811929,-87.68732
364,60643,41.811929,-87.68732
365,60644,41.811929,-87.68732
366,60645,42.00808,-87.721458
367,60646,42.00663,-87.75901
368,60647,41.811929,-87.68732
369,60649,41.811929,-87.68732
370,60651,41.811929,-87.68732
371,60652,41.811929,-87.68732
372,60653,41.811929,-87.68732
373,60654,41.811929,-87.68732
374,60655,41.811929,-87.68732
375,60656,41.97353,-87.865763
376,60657,41.811929,-87.68732
377,60659,41.997247,-87.71662099999998
378,60660,41.811929,-87.68732
379,60661,41.811929,-87.68732
380,60663,41.811929,-87.68732
381,60664,41.811929,-87.68732
382,60665,41.811929,-87.68732
383,60666,41.968029,-87.891214
384,60667,41.811929,-87.68732
385,60668,41.811929,-87.68732
386,60669,41.811929,-87.68732
387,60670,41.811929,-87.68732
388,60671,41.811929,-87.68732
389,60672,41.811929,-87.68732
390,60673,41.811929,-87.68732
391,60674,41.811929,-87.68732
392,60675,41.811929,-87.68732
393,60677,41.811929,-87.68732
394,60678,41.811929,-87.68732
395,60679,41.811929,-87.68732
396,60680,41.811929,-87.68732
397,60681,41.811929,-87.68732
398,60683,41.811929,-87.68732
399,60684,41.811929,-87.68732
400,60685,41.811929,-87.68732
401,60687,41.811929,-87.68732
402,60688,,
403,60690,41.811929,-87.68732
404,60691,41.811929,-87.68732
405,60693,42.096428,-87.71791
406,60694,41.811929,-87.68732
407,60696,,
408,60697,41.811929,-87.68732
409,60699,41.811929,-87.68732
410,60701,41.811929,-87.68732
411,60706,41.811929,-87.68732
412,60707,41.923181,-87.81850899999998
413,60712,42.00798,-87.736135
414,60714,42.031179,-87.811163
415,60803,41.811929,-87.68732
416,60804,41.811929,-87.68732
417,60805,41.811929,-87.68732
418,60827,41.811929,-87.68732
419,60901,41.111151,-87.874618
420,60902,41.146464,-87.888971
421,60910,41.091582,-87.68428399999998
422,60911,40.87625900000001,-87.973929
423,60912,40.963099,-87.62594200000002
424,60913,41.1388,-88.053534
425,60914,41.180968,-87.847038
426,60915,41.207762,-87.84258299999998
427,60917,41.056333,-88.073844
428,60918,40.600817,-88.023748
429,60919,40.967141,-88.188841
430,60920,41.024755,-88.307221
431,60921,40.736954,-88.294923
432,60922,40.968795,-87.951233
433,60924,40.738175,-87.90787399999998
434,60926,40.567574,-87.804046
435,60927,40.929595,-87.945327
436,60928,40.66202,-87.95062
437,60929,40.88250900000001,-88.30019
438,60930,40.811396,-87.967134
439,60931,40.880529,-87.598831
440,60932,40.344417,-87.701583
441,60933,40.46483,-88.271245
442,60934,40.969209,-88.358928
443,60935,41.155397,-88.157189
444,60936,40.696479,-88.318387
445,60938,40.765951,-87.834645
446,60939,40.748087,-87.82876
447,60940,41.204947,-87.64415100000002
448,60941,41.12077,-87.899733
449,60942,40.442138,-87.672943
450,60944,41.146464,-87.888971
451,60945,40.826919,-87.58466800000002
452,60946,40.89732100000001,-88.186897
453,60948,40.537227,-87.9663
454,60949,40.370897,-88.152546
455,60950,41.173292,-87.87675
456,60951,40.931202,-87.747179
457,60952,40.53791500000001,-88.299338
458,60953,40.75071,-87.69503900000002
459,60954,41.116572,-87.86851899999998
460,60955,40.758445,-87.852046
461,60956,40.966993,-87.716074
462,60957,40.660905,-88.197834
463,60959,40.720981,-88.18673199999998
464,60960,40.422456,-87.858213
465,60961,41.099001,-88.19840500000002
466,60962,40.57087,-88.23468199999998
467,60963,40.363126,-87.682897
468,60964,41.068206,-87.687329
469,60966,40.75308,-87.58941
470,60967,40.748087,-87.82876
471,60968,40.673257,-88.099724
472,60969,41.108802,-88.146523
473,60970,40.749938,-87.798478
474,60973,40.63319600000001,-87.65832900000002
475,60974,40.715072,-87.730743
476,61001,42.454161,-90.118471
477,61006,41.838351,-89.193176
478,61007,42.178584,-89.595377
479,61008,42.276381,-88.823215
480,61010,42.091976,-89.322625
481,61011,42.397024,-88.843027
482,61012,42.41042,-88.759953
483,61013,42.376127,-89.636483
484,61014,41.994827,-89.877636
485,61015,41.99742,-89.19964
486,61016,42.240704,-88.98374799999998
487,61018,42.41079600000001,-89.583179
488,61019,42.398148,-89.611026
489,61020,42.106337,-89.09920100000002
490,61021,41.809229,-89.417156
491,61024,42.434686,-89.21337700000002
492,61025,42.46626,-90.540556
493,61027,42.332038,-89.76117099999998
494,61028,42.309263,-90.181064
495,61030,42.120046,-89.31259200000002
496,61031,41.816006,-89.311037
497,61032,42.323529,-89.591606
498,61036,42.382277,-90.312588
499,61037,41.786534,-89.761042
500,61038,42.261184,-88.761434
501,61039,42.238319,-89.459521
502,61041,42.274653,-90.295132
503,61042,41.689533,-89.545604
504,61043,42.045123,-89.31359300000003
505,61044,42.282256,-89.891281
506,61046,42.078942,-89.814738
507,61047,42.147816,-89.278387
508,61048,42.386301,-89.81675600000001
509,61049,42.024619,-89.004111
510,61050,42.428135,-89.7643
511,61051,41.991827,-89.764016
512,61052,42.108224,-88.99812800000002
513,61053,42.093181,-89.968127
514,61054,42.058183,-89.352968
515,61057,41.831577,-89.38956999999998
516,61058,41.797256,-89.599529
517,61059,42.463658,-89.941363
518,61060,42.473576,-89.60519000000002
519,61061,42.011025,-89.253887
520,61062,42.33270200000001,-89.782606
521,61063,42.3104,-89.311162
522,61064,41.989578,-89.323812
523,61065,42.392537,-88.811894
524,61067,42.334675,-89.559845
525,61068,42.007405,-89.100359
526,61070,42.418515,-89.470711
527,61071,41.687083,-89.728269
528,61072,42.381926,-89.14285600000002
529,61073,42.416908,-89.000227
530,61074,42.077282,-90.005039
531,61075,42.452479,-90.26684
532,61076,42.355422,-89.667939
533,61077,42.236834,-89.357998
534,61078,42.154795,-89.764627
535,61079,42.325364,-89.170527
536,61080,42.38648,-89.090975
537,61081,41.835669,-89.745941
538,61084,42.1133,-89.18627099999998
539,61085,42.349517,-90.085356
540,61087,42.470405,-90.087359
541,61088,42.347321,-89.194327
542,61089,42.460658,-89.814639
543,61091,41.903068,-89.54036500000002
544,61101,42.33342,-89.157198
545,61102,42.22974,-89.155825
546,61103,42.341983,-89.078829
547,61104,42.25012,-89.08025400000002
548,61105,42.325364,-89.170527
549,61106,42.325364,-89.170527
550,61107,42.284055,-89.01621
551,61108,42.247643,-88.999892
552,61109,42.196681,-89.065539
553,61110,42.325364,-89.170527
554,61111,42.341767,-89.004716
555,61112,42.246231,-88.97516999999998
556,61114,42.318492,-88.997248
557,61115,42.354546,-89.039675
558,61125,42.325364,-89.170527
559,61126,42.325364,-89.170527
560,61130,42.325364,-89.170527
561,61131,42.325364,-89.170527
562,61132,42.325364,-89.170527
563,61201,41.495083,-90.604899
564,61204,41.554901,-90.615975
565,61230,41.729562,-90.159676
566,61231,41.197762,-90.730944
567,61232,41.440131,-90.742806
568,61233,41.295367,-90.290476
569,61234,41.425519,-89.92463599999998
570,61235,41.405502,-89.998274
571,61236,41.51469,-90.357727
572,61237,41.336752,-90.852226
573,61238,41.285666,-90.104144
574,61239,41.495034,-90.393778
575,61240,41.401019,-90.575785
576,61241,41.437419,-90.166719
577,61242,41.702549,-90.27691
578,61243,41.620757,-89.710301
579,61244,41.562693,-90.512483
580,61250,41.667507,-90.098292
581,61251,41.737836,-90.078132
582,61252,41.79088,-90.112432
583,61254,41.437746,-90.158163
584,61256,41.527582,-90.446341
585,61257,41.50177100000001,-90.606468
586,61258,41.522044,-89.91216
587,61259,41.384813,-90.835558
588,61260,41.237259,-90.688648
589,61261,41.73562,-89.910699
590,61262,41.285461,-90.319658
591,61263,41.259938,-90.612757
592,61264,41.420305,-90.595736
593,61265,41.529431,-90.528972
594,61266,41.554901,-90.615975
595,61270,41.781381,-90.002217
596,61272,41.238072,-90.987063
597,61273,41.36211,-90.376529
598,61274,41.371081,-90.194276
599,61275,41.545132,-90.41449
600,61276,41.299563,-90.586643
601,61277,41.654462,-89.92441099999998
602,61278,41.585883,-90.343228
603,61279,41.472195,-90.595329
604,61281,41.280317,-90.520183
605,61282,41.560381,-90.51753
606,61283,41.637929,-89.75676899999998
607,61284,41.391078,-90.714746
608,61285,41.986802,-89.917167
609,61299,41.520333,-90.541585
610,61301,41.365092,-89.0866
611,61310,41.721016,-89.29967099999998
612,61311,41.042631,-88.864211
613,61312,41.43043,-89.24000600000002
614,61313,41.063241,-88.680876
615,61314,41.306814,-89.653036
616,61315,41.289394,-89.368617
617,61316,41.26171400000001,-89.123735
618,61317,41.426433,-89.212609
619,61318,41.713223,-89.09145799999997
620,61319,41.03103,-88.766797
621,61320,41.366748,-89.479804
622,61321,40.999418,-88.989269
623,61322,41.309194,-89.325221
624,61323,41.436173,-89.396006
625,61324,41.771078,-89.41228199999998
626,61325,41.237122,-88.817458
627,61326,41.250055,-89.24284
628,61327,41.252096,-89.33800500000002
629,61328,41.366883,-89.513065
630,61329,41.37951,-89.203827
631,61330,41.454193,-89.44844499999998
632,61331,41.74885,-89.282726
633,61332,41.148788,-89.00913100000002
634,61333,40.98011500000001,-88.873628
635,61334,41.14820200000001,-89.076145
636,61335,41.14604600000001,-89.225915
637,61336,41.213097,-89.314316
638,61337,41.42231500000001,-89.33546700000002
639,61338,41.455508,-89.669712
640,61340,41.265997,-89.249143
641,61341,41.212787,-88.833689
642,61342,41.385519,-89.051012
643,61344,41.379654,-89.82836800000003
644,61345,41.338444,-89.796313
645,61346,41.512158,-89.719934
646,61348,41.225813,-89.040428
647,61349,41.459337,-89.596261
648,61350,41.248925,-88.833337
649,61353,41.69376,-88.995749
650,61354,41.326408,-89.08578
651,61356,41.424736,-89.452044
652,61358,40.985846,-88.989048
653,61359,41.361251,-89.269125
654,61360,41.221524,-88.835029
655,61361,41.404427,-89.530149
656,61362,41.423455,-89.50679699999998
657,61363,41.256668,-89.17784
658,61364,41.164177,-88.85632
659,61367,41.628086,-89.27435600000003
660,61368,41.248455,-89.521465
661,61369,41.006568,-89.134078
662,61370,41.222005,-88.989972
663,61371,41.499089,-89.02188100000002
664,61372,41.451786,-89.070516
665,61373,41.411759,-89.008197
666,61374,41.366883,-89.513065
667,61375,41.033886,-89.255983
668,61376,41.453979,-89.478453
669,61377,41.029236,-89.134955
670,61378,41.722648,-89.193026
671,61379,41.442109,-89.44646
672,61401,40.964613,-90.213654
673,61402,40.932207,-90.214412
674,61410,40.927973,-90.304039
675,61411,40.387329,-90.506582
676,61412,41.136994,-90.631224
677,61413,41.20188,-90.245619
678,61414,41.096307,-90.138335
679,61415,40.608139,-90.362984
680,61416,40.497896,-90.508816
681,61417,40.769783,-90.534172
682,61418,40.853583,-90.864536
683,61419,41.197682,-90.118344
684,61420,40.547789,-90.762736
685,61421,41.176471,-89.65778900000002
686,61422,40.548189,-90.657031
687,61423,40.90417100000001,-90.556645
688,61424,41.077977,-89.63323299999998
689,61425,40.852582,-90.985293
690,61426,41.118265,-89.70715
691,61427,40.501446,-90.201152
692,61428,41.007962,-90.102455
693,61430,40.980167,-90.329573
694,61431,40.577403,-90.305162
695,61432,40.645183,-90.158064
696,61433,40.449305,-90.161761
697,61434,41.212281,-90.091976
698,61435,40.986267,-90.549089
699,61436,40.968763,-90.201205
700,61437,40.852582,-90.985293
701,61438,40.57311,-90.646976
702,61439,41.027582,-90.357532
703,61440,40.41622,-90.648351
704,61441,40.333536,-90.307389
705,61442,41.133733,-90.711121
706,61443,41.257262,-90.118355
707,61447,40.871331,-90.656439
708,61448,40.972611,-90.168778
709,61449,41.109823,-89.97363
710,61450,40.549636,-90.997312
711,61451,40.938808,-89.889949
712,61452,40.20621,-90.652911
713,61453,40.991276,-90.707712
714,61454,40.852582,-90.985293
715,61455,40.459904,-90.660675
716,61458,40.802776,-90.213566
717,61459,40.510851,-90.393855
718,61460,40.852582,-90.985293
719,61462,40.924563,-90.618313
720,61465,41.176867,-90.687247
721,61466,41.107653000000006,-90.485206
722,61467,41.076845,-90.242298
723,61468,41.25722800000001,-90.400667
724,61469,40.937485,-90.948392
725,61470,40.591144,-90.512266
726,61471,40.852582,-90.985293
727,61472,41.100464,-90.38161
728,61473,40.747768,-90.654131
729,61474,40.739649,-90.358419
730,61475,40.58315800000001,-90.731564
731,61476,41.13665200000001,-90.760811
732,61477,40.495137,-90.345369
733,61478,40.74981500000001,-90.750256
734,61479,40.987171,-89.651961
735,61480,40.719278,-90.894204
736,61482,40.376602,-90.408961
737,61483,41.09404,-89.864391
738,61484,40.285383,-90.393432
739,61485,41.00733,-90.085007
740,61486,41.208497,-90.575522
741,61488,41.016591,-90.251635
742,61489,40.94837,-90.042908
743,61490,41.208513,-90.230506
744,61491,41.085606,-89.788462
745,61501,40.243173,-90.324653
746,61516,40.853248,-89.131937
747,61517,40.814233,-89.859603
748,61519,40.466267,-90.091027
749,61520,40.445611,-90.151535
750,61523,40.831823,-89.636673
751,61524,40.491606,-90.04193599999998
752,61525,40.84674,-89.678884
753,61526,40.911838,-89.644497
754,61528,40.836603,-89.726242
755,61529,40.778516,-89.910219
756,61530,40.705084,-89.37670200000002
757,61531,40.471426,-90.170475
758,61532,40.305929,-89.8716
759,61533,40.589183,-89.81514399999998
760,61534,40.425189,-89.62064000000002
761,61535,40.600997,-89.557074
762,61536,40.68564600000001,-89.781809
763,61537,41.053004,-89.339283
764,61539,40.557119,-89.76848100000002
765,61540,41.007987,-89.337636
766,61541,41.006325,-89.22691999999998
767,61542,40.463185,-90.166942
768,61543,40.390243,-90.002625
769,61544,40.672692,-90.291576
770,61545,40.879257,-89.370304
771,61546,40.366447,-89.880969
772,61547,40.60896,-89.742265
773,61548,40.833004,-89.358019
774,61550,40.591322,-89.42533900000002
775,61552,40.817987,-89.567996
776,61553,40.449305,-90.161761
777,61554,40.548928,-89.638839
778,61555,40.56071,-89.65023199999997
779,61558,40.554538,-89.609951
780,61559,40.99564,-89.747439
781,61560,41.205454,-89.430236
782,61561,40.793501,-89.238985
783,61562,40.874269,-89.506695
784,61563,40.491232,-90.050499
785,61564,40.494804,-89.654598
786,61565,41.006602,-89.34804
787,61567,40.344336,-89.88589499999998
788,61568,40.456128,-89.54265600000002
789,61569,40.677626,-89.909859
790,61570,40.935265,-89.33833
791,61571,40.575996,-89.487463
792,61572,40.785753,-90.04299300000002
793,61601,40.693137,-89.58984699999998
794,61602,40.683283,-89.60489799999998
795,61603,40.779845,-89.554055
796,61604,40.779003,-89.617464
797,61605,40.676637,-89.633787
798,61606,40.698087,-89.60869699999998
799,61607,40.632085,-89.690349
800,61610,40.654065,-89.571837
801,61611,40.563589,-89.543319
802,61612,40.744179,-89.718401
803,61613,40.742537,-89.627948
804,61614,40.768117,-89.60264699999998
805,61615,40.766087,-89.644982
806,61616,,
807,61625,40.696287,-89.616648
808,61628,40.744179,-89.718401
809,61629,40.692037,-89.588747
810,61630,40.744179,-89.718401
811,61632,40.765301,-89.56920699999998
812,61633,40.731165,-89.603081
813,61634,40.689637,-89.592597
814,61635,40.744179,-89.718401
815,61636,40.699937,-89.595147
816,61637,40.702487,-89.58979699999998
817,61638,40.796887,-89.61114599999998
818,61639,40.709837,-89.56364599999998
819,61640,40.785653,-89.617657
820,61641,40.640002,-89.651987
821,61643,40.744179,-89.718401
822,61644,40.765301,-89.56920699999998
823,61650,40.744179,-89.718401
824,61651,40.744179,-89.718401
825,61652,40.87671,-89.509113
826,61653,40.744179,-89.718401
827,61654,40.744179,-89.718401
828,61655,40.744179,-89.718401
829,61656,40.744179,-89.718401
830,61701,40.462041,-88.85039599999998
831,61702,40.519236,-88.864303
832,61704,40.491715,-88.982373
833,61709,40.461431,-88.95301500000002
834,61710,40.477735,-88.954174
835,61720,40.568549,-88.72211300000002
836,61721,40.36129,-89.323143
837,61722,40.447857,-88.632584
838,61723,40.233769,-89.257602
839,61724,40.332543,-88.549114
840,61725,40.580974,-89.17868100000003
841,61726,40.535221,-88.89500100000002
842,61727,40.152822,-88.947118
843,61728,40.566345,-88.61411600000002
844,61729,40.617077,-89.183981
845,61730,40.54215,-88.71681600000002
846,61731,40.608711,-88.48022900000002
847,61732,40.43644000000001,-88.882841
848,61733,40.561464,-89.406261
849,61734,40.424081,-89.600252
850,61735,40.208276,-88.808015
851,61736,40.398907,-88.868647
852,61737,40.44998,-88.717168
853,61738,40.684846,-89.106751
854,61739,40.76723,-88.627756
855,61740,40.882185,-88.84439300000003
856,61741,40.754176,-88.393085
857,61742,40.661248,-89.289652
858,61743,40.879417,-88.608644
859,61744,40.744776,-88.881354
860,61745,40.458782,-88.985385
861,61747,40.535696,-89.445054
862,61748,40.62502,-88.989005
863,61749,40.111484,-89.06222199999998
864,61750,40.098291,-88.841501
865,61751,40.21927,-89.285172
866,61752,40.459553,-88.849599
867,61753,40.483327,-88.87430400000002
868,61754,40.31522,-89.194639
869,61755,40.530344,-89.369718
870,61756,40.037523,-88.961338
871,61758,40.519236,-88.864303
872,61759,40.447572,-89.334398
873,61760,40.838957,-89.066126
874,61761,40.530375,-88.7989
875,61764,40.87479,-88.630826
876,61769,40.883768,-88.394974
877,61770,40.454332,-88.865256
878,61771,40.742182,-89.134822
879,61772,40.519236,-88.864303
880,61773,40.57361,-88.384737
881,61774,40.435192,-89.220679
882,61775,40.652662,-88.39463
883,61776,40.562341,-88.897711
884,61777,40.223337,-88.943985
885,61778,40.241747,-89.092664
886,61790,40.51032,-88.99803
887,61791,40.519236,-88.864303
888,61799,40.488468,-88.939637
889,61801,40.133657,-88.182071
890,61802,40.074573,-88.169093
891,61803,40.10593,-88.22466899999998
892,61810,39.923693,-87.89971899999998
893,61811,40.285456,-87.632675
894,61812,40.258038,-87.87422099999998
895,61813,39.908567,-88.599987
896,61814,40.24097,-87.576801
897,61815,40.10838,-88.378167
898,61816,39.923208,-87.992677
899,61817,40.015467,-87.804585
900,61818,39.88603,-88.68207
901,61820,40.101777,-88.19716600000002
902,61821,40.117337,-88.312996
903,61822,40.131682,-88.28541
904,61824,40.139946,-88.196102
905,61825,40.139946,-88.196102
906,61826,40.113139,-88.361251
907,61830,40.028868,-88.69568000000002
908,61831,40.227338,-87.80396999999998
909,61832,40.10398,-87.75779200000002
910,61833,40.064586,-87.637493
911,61834,40.160162,-87.67293000000002
912,61839,40.124321,-88.623262
913,61840,40.307054,-88.301259
914,61841,40.135318,-87.808538
915,61842,40.18631,-88.69107
916,61843,40.137239,-88.208104
917,61844,40.139763,-87.86895
918,61845,40.347405,-88.384648
919,61846,39.979714,-87.734359
920,61847,40.278553,-88.01101700000002
921,61848,40.304034,-87.700689
922,61849,40.110684,-88.15401800000002
923,61850,39.939685,-87.730068
924,61851,39.959789,-88.25522
925,61852,39.91593,-88.034929
926,61853,40.111848,-88.20430999999998
927,61854,40.193243,-88.545144
928,61855,39.923765,-88.659875
929,61856,40.050289,-88.597923
930,61857,40.116478,-87.844689
931,61858,40.133222,-87.756376
932,61859,40.069274,-88.10535899999998
933,61862,40.305199,-87.966332
934,61863,40.090766,-88.1675
935,61864,40.011073,-88.151394
936,61865,40.211734,-87.785617
937,61866,40.249954,-88.113686
938,61870,39.910953000000006,-87.615286
939,61871,40.192376,-87.974197
940,61872,39.945436,-88.35960899999998
941,61873,40.144962,-88.072851
942,61874,40.068677,-88.253105
943,61875,40.09280800000001,-88.40634399999998
944,61876,39.935302,-87.83913000000003
945,61877,39.98922,-88.07634300000002
946,61878,40.241697,-88.155556
947,61880,40.03821,-88.174757
948,61882,40.134768,-88.745542
949,61883,40.103625,-87.74481899999998
950,61884,40.091056,-88.503949
951,61910,39.725828,-88.30518199999999
952,61911,39.728925,-88.249344
953,61912,39.531041,-88.040616
954,61913,39.766094,-88.273085
955,61914,39.63800000000001,-88.75367
956,61917,39.713401,-87.818005
957,61919,39.752952,-88.149912
958,61920,39.499622,-88.160348
959,61924,39.77859,-87.687638
960,61925,39.679871,-88.774951
961,61928,39.585282,-88.639372
962,61929,39.843006,-88.585389
963,61930,39.695357,-88.127173
964,61931,39.586199,-88.34731500000002
965,61932,39.718148,-87.87347199999998
966,61933,39.637094,-87.89621899999999
967,61936,39.798287,-88.72715699999998
968,61937,39.701633,-88.60672199999998
969,61938,39.505679,-88.247012
970,61940,39.80461,-87.78003199999998
971,61941,39.80002800000001,-88.183049
972,61942,39.80077100000001,-88.029696
973,61943,39.62812,-88.217663
974,61944,39.638496,-87.740488
975,61949,39.660054,-87.86330600000002
976,61951,39.588093,-88.633539
977,61953,39.787385,-88.274137
978,61955,39.679882,-87.75021600000002
979,61956,39.766275,-88.091437
980,61957,39.42550900000001,-88.714896
981,62001,38.882109,-89.739366
982,62002,38.929065,-89.968862
983,62006,39.004588,-90.653455
984,62009,39.12070900000001,-89.940021
985,62010,38.923994,-90.054615
986,62011,39.112821,-89.212452
987,62012,39.07267,-90.254596
988,62013,38.925543,-90.596798
989,62014,39.049428000000006,-89.980834
990,62015,39.210135,-89.532057
991,62016,39.380638,-90.399251
992,62017,39.070254,-89.380042
993,62018,38.909971,-90.064279
994,62019,39.004543,-89.464108
995,62021,38.964212,-89.97814
996,62022,38.992751,-90.316504
997,62023,39.111806,-89.785514
998,62024,38.831578,-89.99119
999,62025,38.841819,-89.877841
1000,62026,38.733748,-89.94305
1001,62027,39.286993,-90.553924
1002,62028,38.959647,-90.338648
1003,62030,39.092772,-90.374651
1004,62031,39.107914,-90.501701
1005,62032,39.11551,-89.362709
1006,62033,39.25627,-89.888832
1007,62034,38.810731,-90.02386700000002
1008,62035,38.88410800000001,-90.110532
1009,62036,38.966585,-90.660769
1010,62037,38.98414,-90.43136
1011,62040,38.802398,-90.1289
1012,62044,39.355962,-90.244338
1013,62045,39.13427,-90.69376
1014,62046,38.880823,-89.86011500000002
1015,62047,39.149443,-90.622789
1016,62048,38.827848,-90.092606
1017,62049,39.139201,-89.471754
1018,62050,39.319696,-90.385171
1019,62051,39.199223,-89.371698
1020,62052,39.101894,-90.304917
1021,62053,39.311587,-90.636915
1022,62054,39.191892,-90.352339
1023,62056,39.169422,-89.55240500000002
1024,62058,38.968616,-89.79428399999998
1025,62059,38.43998300000001,-89.983521
1026,62060,38.683349,-90.149108
1027,62061,38.779256,-89.778648
1028,62062,38.713829,-89.965751
1029,62063,39.092772,-90.374651
1030,62065,39.13427,-90.69376
1031,62067,38.928421,-89.984339
1032,62069,39.265646,-89.922605
1033,62070,39.13427,-90.69376
1034,62071,38.6516,-90.163909
1035,62074,38.892137,-89.71464499999998
1036,62075,39.241367,-89.322889
1037,62076,39.261791,-89.421584
1038,62077,39.03168400000001,-89.52368
1039,62078,39.319696,-90.385171
1040,62079,39.112843,-90.11977
1041,62080,39.144177,-89.110549
1042,62081,39.319696,-90.385171
1043,62082,39.483354,-90.373258
1044,62083,39.37433,-89.198256
1045,62084,38.846947,-90.080752
1046,62085,39.082793,-89.804349
1047,62086,38.961617,-89.554727
1048,62087,38.822547,-90.058255
1049,62088,39.038526,-89.78473199999998
1050,62089,39.121757,-89.49417199999998
1051,62090,38.67025,-90.168859
1052,62091,39.061381,-89.61133000000002
1053,62092,39.43886,-90.402937
1054,62093,39.069484,-89.856534
1055,62094,39.162463,-89.40593
1056,62095,38.861597,-90.085657
1057,62097,38.921075,-89.92241800000002
1058,62098,39.376153,-90.293302
1059,62201,38.612317,-90.115857
1060,62202,38.6163,-90.159059
1061,62203,38.595757,-90.077007
1062,62204,38.6308,-90.095007
1063,62205,38.6123,-90.124308
1064,62206,38.551401,-90.15441
1065,62207,38.58705,-90.127808
1066,62208,38.59666,-90.006304
1067,62214,38.381545,-89.579449
1068,62215,38.514316,-89.627154
1069,62216,38.608924,-89.603386
1070,62217,38.155348,-89.752849
1071,62218,38.542321,-89.462267
1072,62219,38.601825,-89.427944
1073,62220,38.46435,-89.973877
1074,62221,38.523569,-89.911601
1075,62222,38.43998300000001,-89.983521
1076,62223,38.55025,-90.076357
1077,62224,38.43998300000001,-89.983521
1078,62225,38.543201,-89.85902
1079,62226,38.509999,-89.998685
1080,62230,38.640028,-89.52960999999998
1081,62231,38.620776,-89.40215500000002
1082,62232,38.630199,-90.012477
1083,62233,38.048847,-89.815308
1084,62234,38.733747,-89.908644
1085,62236,38.409442,-90.16382
1086,62237,38.175298,-89.647936
1087,62238,38.046458,-89.478358
1088,62239,38.519424,-90.181561
1089,62240,38.524005,-90.200514
1090,62241,38.041586,-89.893045
1091,62242,38.10828,-89.94368399999998
1092,62243,38.428067,-89.895886
1093,62244,38.187143,-90.194704
1094,62245,38.560662,-89.559413
1095,62246,38.884421,-89.42303199999998
1096,62247,38.977111,-88.975507
1097,62248,38.299507,-89.961825
1098,62249,38.758429,-89.741694
1099,62250,38.540877,-89.436298
1100,62252,38.601768,-89.291549
1101,62253,38.588112,-89.472555
1102,62254,38.605448,-89.82823
1103,62255,38.30606,-89.782156
1104,62256,38.30426,-90.135645
1105,62257,38.311672,-89.77885500000002
1106,62258,38.421239,-89.769993
1107,62259,38.013132,-89.899569
1108,62260,38.471651,-90.092336
1109,62261,38.01529,-90.00376999999997
1110,62262,38.93611,-89.313739
1111,62263,38.331439,-89.3674
1112,62264,38.30799,-89.921695
1113,62265,38.513254,-89.58734799999998
1114,62266,38.485708,-89.681587
1115,62268,38.274439,-89.553239
1116,62269,38.571835,-89.89568
1117,62271,38.43395200000001,-89.511013
1118,62272,37.997145,-89.626074
1119,62273,38.884459,-89.444898
1120,62274,38.083297,-89.386589
1121,62275,38.822283,-89.525591
1122,62277,38.114151,-90.034123
1123,62278,38.119605,-89.818578
1124,62279,38.152057,-90.134596
1125,62280,37.861143,-89.698387
1126,62281,38.705928,-89.792463
1127,62282,38.363228,-89.713921
1128,62283,38.652071,-89.214562
1129,62284,38.89037800000001,-89.31424200000002
1130,62285,38.475288,-89.898651
1131,62286,38.108083,-89.726486
1132,62288,38.004698,-89.676103
1133,62289,38.596698,-89.751194
1134,62292,38.212224,-89.689539
1135,62293,38.62002800000001,-89.569004
1136,62294,38.721612,-89.89581700000002
1137,62295,38.280514,-90.312208
1138,62297,38.036046,-89.83918
1139,62298,38.327408,-90.155869
1140,62301,39.952413,-91.200676
1141,62305,39.96008,-91.302633
1142,62306,39.97863,-91.21256
1143,62310,40.416145,-91.205805
1144,62311,40.330707,-91.045874
1145,62312,39.611334,-90.894104
1146,62313,40.31943,-91.240855
1147,62314,39.729666,-90.90981
1148,62316,40.376123,-91.17718
1149,62318,40.488126,-91.135819
1150,62319,40.13160300000001,-90.556586
1151,62320,40.018202,-91.060449
1152,62321,40.432148,-91.135365
1153,62323,39.782477,-90.749883
1154,62324,39.982894,-90.949268
1155,62325,40.012663,-91.152206
1156,62326,40.400892,-90.734536
1157,62329,40.571353,-91.168221
1158,62330,40.435191,-91.077508
1159,62334,40.41707,-91.221434
1160,62336,40.468178,-91.170959
1161,62338,39.960187,-91.282143
1162,62339,40.110022,-91.027961
1163,62340,39.741573,-90.749386
1164,62341,40.475714,-91.271002
1165,62343,39.620372,-90.967919
1166,62344,40.13160300000001,-90.556586
1167,62345,39.620372,-90.967919
1168,62346,40.148051,-91.004209
1169,62347,39.887579,-91.106747
1170,62348,40.165558,-91.387504
1171,62349,40.154457,-91.210203
1172,62351,40.074962,-91.283098
1173,62352,39.563497,-90.650336
1174,62353,39.978147,-90.756924
1175,62354,40.432598,-91.208266
1176,62355,39.442983,-90.787696
1177,62356,39.620372,-90.967919
1178,62357,39.705209,-90.845884
1179,62358,40.49093,-91.247972
1180,62359,39.97863,-91.21256
1181,62360,39.829819,-91.286815
1182,62361,39.460514,-90.627114
1183,62362,39.78247,-90.747978
1184,62363,39.615433,-90.798482
1185,62365,39.935995,-91.232952
1186,62366,39.447008,-90.87168
1187,62367,40.323553,-90.967177
1188,62370,39.620372,-90.967919
1189,62373,40.286511,-91.372569
1190,62374,40.388444,-90.764268
1191,62375,40.007601,-90.874657
1192,62376,40.073445,-91.206586
1193,62378,39.944465,-90.737957
1194,62379,40.297801,-91.198818
1195,62380,40.241584,-91.240017
1196,62401,39.116649,-88.545705
1197,62410,38.527638,-87.706344
1198,62411,39.053436,-88.71975400000002
1199,62413,39.134986,-87.83841899999999
1200,62414,39.194098,-88.760126
1201,62415,38.710336,-87.703639
1202,62417,38.654076,-87.706902
1203,62418,38.994303,-88.955042
1204,62419,38.65,-88.047886
1205,62420,39.293482,-87.95445600000002
1206,62421,38.743413,-87.96684300000003
1207,62422,39.25001500000001,-88.862961
1208,62423,39.411823,-87.573146
1209,62424,39.049843,-88.576045
1210,62425,38.819798,-88.090524
1211,62426,38.988768,-88.524406
1212,62427,38.895585,-87.67267199999998
1213,62428,39.274017,-88.12459799999998
1214,62431,39.219603,-88.98189599999998
1215,62432,39.127107,-88.117007
1216,62433,39.085312,-87.707636
1217,62434,38.757302,-88.47359399999998
1218,62435,39.374287,-88.244487
1219,62436,39.207405,-88.273197
1220,62438,39.434607,-88.805278
1221,62439,38.685176,-87.634235
1222,62440,39.418401,-88.27000600000002
1223,62441,39.331139,-87.747363
1224,62442,39.325782,-87.850086
1225,62443,38.95267,-88.635111
1226,62444,39.434607,-88.805278
1227,62445,39.163869,-88.37756
1228,62446,38.381926,-88.405596
1229,62447,39.290276,-88.241333
1230,62448,38.980049,-88.184675
1231,62449,39.029652,-87.782569
1232,62450,38.709154,-88.085204
1233,62451,39.000528,-87.604191
1234,62452,38.587985,-88.011149
1235,62454,39.004559,-87.751776
1236,62458,39.025319,-88.852372
1237,62459,38.927986,-88.029084
1238,62460,38.592132,-87.648661
1239,62461,39.112465,-88.670484
1240,62462,39.251684,-88.510776
1241,62463,39.273518,-88.80134
1242,62464,38.98981,-87.83962700000002
1243,62465,39.349589,-88.616381
1244,62466,38.717105,-87.863812
1245,62467,39.132706,-88.450793
1246,62468,39.282208,-88.272657
1247,62469,39.393753,-88.34881899999998
1248,62471,38.982404,-89.05162800000002
1249,62473,38.990551,-88.558435
1250,62474,39.407315,-87.949053
1251,62475,39.003369,-88.06753499999998
1252,62476,38.519678000000006,-88.009457
1253,62477,39.236906,-87.674977
1254,62478,39.158846,-87.723392
1255,62479,39.02897700000001,-88.299931
1256,62480,38.992322,-88.03105699999998
1257,62481,39.121515,-88.157258
1258,62501,39.965322,-88.84869499999998
1259,62510,39.527214,-89.249643
1260,62511,39.339104,-89.735704
1261,62512,40.150457,-89.228483
1262,62513,39.76891,-89.044099
1263,62514,39.764726,-89.039766
1264,62515,39.849893,-89.38794399999998
1265,62517,39.588232,-89.417117
1266,62518,40.05335,-89.19891
1267,62519,39.937364,-89.40234
1268,62520,39.826185,-89.43989
1269,62521,39.839477,-88.946486
1270,62522,39.865621,-89.01869599999998
1271,62523,39.911662,-88.89010400000002
1272,62524,39.853981,-88.981511
1273,62525,39.853981,-88.981511
1274,62526,39.85828400000001,-88.938244
1275,62527,39.853981,-88.981511
1276,62530,39.56916500000001,-89.662571
1277,62531,39.612132,-89.311109
1278,62532,39.78002100000001,-88.980838
1279,62533,39.440138,-89.617023
1280,62534,39.519283,-88.746756
1281,62535,39.88440900000001,-89.001417
1282,62536,39.641606,-89.650041
1283,62537,39.856678,-89.085041
1284,62538,39.36720800000001,-89.522401
1285,62539,39.860619,-89.378449
1286,62540,39.50000900000001,-89.416708
1287,62541,39.970619,-89.350528
1288,62543,40.075633,-89.315464
1289,62544,39.700267,-89.022026
1290,62545,39.777807,-89.406447
1291,62546,39.469098,-89.396732
1292,62547,39.702903000000006,-89.28236700000002
1293,62548,39.98973400000001,-89.294027
1294,62549,39.825599,-88.90765400000002
1295,62550,39.575086,-88.889483
1296,62551,39.91497,-88.99745899999998
1297,62552,39.883505,-88.8048
1298,62553,39.434607,-88.805278
1299,62554,39.927262,-88.850218
1300,62555,39.458365,-89.217453
1301,62556,39.429374,-89.30808
1302,62557,39.503638,-89.243695
1303,62558,39.60855,-89.567791
1304,62560,39.311814,-89.580236
1305,62561,39.750415,-89.54267800000002
1306,62563,39.718237,-89.564891
1307,62565,39.458013,-88.805788
1308,62567,39.646379,-89.218939
1309,62568,39.559092,-89.34063
1310,62570,39.588002,-89.449507
1311,62571,39.38996,-88.959746
1312,62572,39.368777,-89.654507
1313,62573,39.917841,-89.017515
1314,62601,39.751657,-90.045839
1315,62610,39.551987,-90.386156
1316,62611,39.913938,-90.370736
1317,62612,39.938647,-90.079241
1318,62613,39.950205,-89.68329399999998
1319,62615,39.588654,-89.74969200000002
1320,62617,40.153626,-90.166065
1321,62618,39.962623,-90.265277
1322,62621,39.729634,-90.531307
1323,62622,39.979614,-90.352444
1324,62624,40.13160300000001,-90.556586
1325,62625,39.916942,-89.689148
1326,62626,39.288546,-89.866054
1327,62627,40.037402,-90.116282
1328,62628,39.80547,-90.375324
1329,62629,39.793982,-89.695888
1330,62630,39.337165,-90.070475
1331,62631,39.825847,-90.37469
1332,62633,40.227887,-89.890271
1333,62634,40.109099,-89.471352
1334,62635,40.195101,-89.48371800000002
1335,62638,39.622203000000006,-90.088945
1336,62639,40.13160300000001,-90.556586
1337,62640,39.383843,-89.85006
1338,62642,40.101722,-89.746851
1339,62643,40.251211,-89.47409
1340,62644,40.308441,-89.938334
1341,62649,39.34792,-90.071437
1342,62650,39.737044,-90.301388
1343,62651,39.698311,-90.26153
1344,62655,40.214332,-89.85510500000002
1345,62656,40.162779,-89.398361
1346,62659,40.031115,-89.786723
1347,62660,39.858933,-90.200747
1348,62661,39.671039,-89.845401
1349,62662,39.749457,-89.60601700000002
1350,62663,39.540479,-90.331705
1351,62664,40.226923,-89.731758
1352,62665,39.724007,-90.426529
1353,62666,40.085044,-89.52202700000002
1354,62667,39.480647,-89.98214899999998
1355,62668,39.675739,-90.323925
1356,62670,39.768067,-89.854952
1357,62671,40.16912,-89.542183
1358,62672,39.397082,-89.89125
1359,62673,40.100737,-89.96602800000002
1360,62674,39.422719,-90.031093
1361,62675,39.972828,-89.807192
1362,62677,39.83314,-89.868578
1363,62681,40.113259,-90.543205
1364,62682,40.30110300000001,-89.687211
1365,62683,39.260862,-89.926068
1366,62684,39.912115,-89.58769699999998
1367,62685,39.195161,-89.960661
1368,62686,39.23868,-89.889363
1369,62688,39.938136,-89.943256
1370,62689,39.539389,-89.762086
1371,62690,39.480838,-89.903356
1372,62691,39.95800300000001,-90.176415
1373,62692,39.622723,-90.003569
1374,62693,39.920091,-89.570001
1375,62694,39.62663,-90.466389
1376,62695,39.618903,-90.225738
1377,62701,39.820839,-89.598978
1378,62702,39.831699,-89.646507
1379,62703,39.762206,-89.62754699999998
1380,62704,39.772463,-89.688924
1381,62705,39.749457,-89.60601700000002
1382,62706,39.79885,-89.653399
1383,62707,39.785116,-89.632205
1384,62708,39.806089,-89.58635600000002
1385,62709,39.749457,-89.60601700000002
1386,62713,39.749457,-89.60601700000002
1387,62715,39.749457,-89.60601700000002
1388,62716,39.848201,-89.536369
1389,62718,39.778044,-89.646555
1390,62719,39.749457,-89.60601700000002
1391,62720,39.749457,-89.60601700000002
1392,62721,39.749457,-89.60601700000002
1393,62722,39.749457,-89.60601700000002
1394,62723,39.749457,-89.60601700000002
1395,62726,39.749457,-89.60601700000002
1396,62736,39.749457,-89.60601700000002
1397,62739,39.749457,-89.60601700000002
1398,62746,39.749457,-89.60601700000002
1399,62756,39.749457,-89.60601700000002
1400,62757,39.749457,-89.60601700000002
1401,62761,39.852361,-89.54101700000002
1402,62762,39.749457,-89.60601700000002
1403,62763,39.749457,-89.60601700000002
1404,62764,39.749457,-89.60601700000002
1405,62765,39.749457,-89.60601700000002
1406,62766,39.749457,-89.60601700000002
1407,62767,39.749457,-89.60601700000002
1408,62769,39.749457,-89.60601700000002
1409,62776,39.749457,-89.60601700000002
1410,62777,39.749457,-89.60601700000002
1411,62781,39.749457,-89.60601700000002
1412,62786,39.749457,-89.60601700000002
1413,62791,39.749457,-89.60601700000002
1414,62794,39.749457,-89.60601700000002
1415,62796,39.749457,-89.60601700000002
1416,62801,38.63831,-88.957758
1417,62803,38.371071,-89.300072
1418,62805,37.99429600000001,-88.941665
1419,62806,38.328816,-88.06418199999997
1420,62807,38.758394,-88.929039
1421,62808,38.290049,-89.232163
1422,62809,38.431273,-88.424978
1423,62810,38.202361,-88.774226
1424,62811,38.384525,-87.908101
1425,62812,37.994423,-88.907464
1426,62814,38.384549,-88.74632199999998
1427,62815,38.413149,-88.043941
1428,62816,38.20359000000001,-88.936697
1429,62817,37.921925,-88.468436
1430,62818,38.413149,-88.043941
1431,62819,37.976448,-89.020912
1432,62820,38.220716,-88.22270400000002
1433,62821,38.089387,-88.175742
1434,62822,38.028648,-89.07209
1435,62823,38.431273,-88.424978
1436,62824,38.725325,-88.417422
1437,62825,37.994633,-89.067228
1438,62827,38.163144,-88.03546
1439,62828,38.168641,-88.629728
1440,62829,38.081592,-88.538609
1441,62830,38.357503,-88.910561
1442,62831,38.249974,-89.230396
1443,62832,38.044645,-89.253006
1444,62833,38.413149,-88.043941
1445,62834,37.97622,-88.120182
1446,62835,38.100523,-88.29926999999998
1447,62836,38.082002,-88.790486
1448,62837,38.389091,-88.36714599999998
1449,62838,38.832201,-88.77624399999998
1450,62839,38.710797,-88.493686
1451,62840,37.99429600000001,-88.941665
1452,62841,37.80308,-89.009201
1453,62842,38.441055,-88.40990500000002
1454,62843,38.357551,-88.20614499999998
1455,62844,38.147618,-88.122963
1456,62845,38.073931,-88.142657
1457,62846,38.155485,-88.819501
1458,62847,38.757302,-88.47359399999998
1459,62848,38.413658,-89.167834
1460,62849,38.595441,-88.809517
1461,62850,38.519401,-88.536564
1462,62851,38.431273,-88.424978
1463,62852,38.351408,-87.86607
1464,62853,38.59718,-88.901043
1465,62854,38.657892,-88.91335
1466,62855,38.403424,-87.81867199999998
1467,62856,37.99429600000001,-88.941665
1468,62857,38.977111,-88.975507
1469,62858,38.771768,-88.506465
1470,62859,38.08963,-88.53653
1471,62860,38.081592,-88.538609
1472,62861,38.036393,-88.075864
1473,62862,38.164114,-88.258325
1474,62863,38.441814,-87.828423
1475,62864,38.293269,-88.892273
1476,62865,37.97746,-89.08150699999999
1477,62866,38.16542000000001,-88.967551
1478,62867,37.887676,-88.14640899999998
1479,62868,38.715532,-88.225831
1480,62869,38.076688,-88.211579
1481,62870,38.636324,-88.946253
1482,62871,37.845963,-88.240226
1483,62872,38.273854,-88.805414
1484,62874,37.91819,-88.97670600000002
1485,62875,38.701337,-88.962515
1486,62876,38.260696,-89.198858
1487,62877,38.394883,-89.22451099999998
1488,62878,38.431273,-88.424978
1489,62879,38.757302,-88.47359399999998
1490,62880,38.86796500000001,-88.852749
1491,62881,38.643793,-88.974839
1492,62882,38.597,-88.968203
1493,62883,38.17616500000001,-89.09464399999997
1494,62884,38.053351,-89.056638
1495,62885,38.977111,-88.975507
1496,62886,38.362874,-88.533608
1497,62887,38.15015,-88.216053
1498,62888,38.133323,-89.217309
1499,62889,38.44683,-88.826247
1500,62890,37.936421,-88.77091300000002
1501,62891,38.022241,-89.035053
1502,62892,38.787524,-89.040989
1503,62893,38.547927,-88.929247
1504,62894,38.212153,-89.043552
1505,62895,38.350936,-88.566951
1506,62896,37.976856,-88.910164
1507,62897,38.087223,-88.901443
1508,62898,38.314373,-89.050259
1509,62899,38.710776,-88.664186
1510,62901,37.77452,-89.387286
1511,62902,37.758646,-89.41583100000003
1512,62903,37.758646,-89.41583100000003
1513,62905,37.546479,-89.357896
1514,62906,37.474268,-89.163042
1515,62907,37.832038,-89.43068000000002
1516,62908,37.335571,-88.909205
1517,62909,37.44725,-88.87679200000002
1518,62910,37.212897,-88.605104
1519,62912,37.467463,-89.000586
1520,62913,37.152775,-89.325581
1521,62914,37.028797,-89.19275400000002
1522,62915,37.784657,-89.118111
1523,62916,37.883589,-89.55793299999998
1524,62917,37.680285,-88.619902
1525,62918,37.730777,-88.931157
1526,62919,37.500757,-88.238292
1527,62920,37.526817,-89.219012
1528,62921,37.805677,-89.075999
1529,62922,37.682,-88.817787
1530,62923,37.365007,-88.974743
1531,62924,37.837009,-89.35050799999998
1532,62926,37.42204,-89.225572
1533,62927,37.939205,-89.231786
1534,62928,37.333591,-88.561428
1535,62930,37.810121,-88.452662
1536,62931,37.500757,-88.238292
1537,62932,37.894281,-89.217138
1538,62933,37.77783,-89.063381
1539,62934,37.706289,-88.330839
1540,62935,37.823001,-88.59612299999998
1541,62938,37.360193,-88.488571
1542,62939,37.534099,-88.971292
1543,62940,37.736732,-89.469534
1544,62941,37.240291,-88.99540400000002
1545,62942,37.634633,-89.47983599999998
1546,62943,37.379384,-88.758329
1547,62944,37.333591,-88.561428
1548,62946,37.720129,-88.536736
1549,62947,37.333591,-88.561428
1550,62948,37.740444,-88.992312
1551,62949,37.836584,-89.142415
1552,62950,37.764248,-89.584575
1553,62951,37.802518,-88.961656
1554,62952,37.422793,-89.266574
1555,62953,37.209231,-88.844181
1556,62954,37.69515300000001,-88.260046
1557,62955,37.500757,-88.238292
1558,62956,37.262019,-89.005155
1559,62957,37.295842,-89.46653
1560,62958,37.687072,-89.25093299999997
1561,62959,37.729571,-88.912852
1562,62960,37.228995,-88.714524
1563,62961,37.340918,-89.254203
1564,62962,37.152775,-89.325581
1565,62963,37.178242,-89.179333
1566,62964,37.198411,-89.124001
1567,62965,37.801972,-88.548695
1568,62966,37.782223,-89.396839
1569,62967,37.577998,-88.745405
1570,62969,37.167445,-89.353662
1571,62970,37.210643,-89.104341
1572,62971,37.758646,-89.41583100000003
1573,62972,37.54725,-88.770166
1574,62973,37.31133300000001,-89.083056
1575,62974,37.804734,-88.80805600000002
1576,62975,37.650115,-89.36930799999998
1577,62976,37.212957,-89.136274
1578,62977,37.822856,-88.54979300000002
1579,62979,37.796978,-88.243498
1580,62982,37.417713,-88.354451
1581,62983,37.910274,-89.100865
1582,62984,37.710189,-88.18316899999998
1583,62985,37.451868,-88.801413
1584,62987,37.643233,-88.622821
1585,62988,37.239072,-89.269752
1586,62990,37.221042,-89.459863
1587,62991,37.503628000000006,-88.84773100000002
1588,62992,37.28344,-89.13646
1589,62993,37.152775,-89.325581
1590,62994,37.907239,-89.41030400000002
1591,62995,37.42417,-88.898049
1592,62996,37.164229,-89.170924
1593,62997,37.984776,-89.589862
1594,62998,37.509618,-89.424913
1595,62999,37.899054,-89.052317
